epoch,step,train/loss,train/loss_12,train/loss_21,train/lr,train/tau
0,9,4.009288787841797,1.9995272159576416,2.0097618103027344,1.4400000054592965e-06,0.9900000095367432
