epoch,step,train/loss,train/loss_12,train/loss_21,train/lr,train/tau
0,9,3.913414478302002,1.9554753303527832,1.9579392671585083,1.4400000054592965e-06,0.9900000095367432
